Asker Id	Answerer Id	Post_link
11990789	6560549	https://stackoverflow.com/questions/58770063/how-to-make-mixed-statistical-subplots-using-plotly-in-python
9458508	12345551	https://stackoverflow.com/questions/58775283/how-to-create-a-custom-generator-class-in-python
12298417	7976758	https://stackoverflow.com/questions/58775377/prompting-user-to-search-for-something-from-database-using-python-flask-sqlalc
1871188	2288252	https://stackoverflow.com/questions/58775405/cant-i-do-an-if-statement-asking-if-a-variable-is-greater-than-one-number-and-l
1871188	9530	https://stackoverflow.com/questions/58775405/cant-i-do-an-if-statement-asking-if-a-variable-is-greater-than-one-number-and-l
1871188	296974	https://stackoverflow.com/questions/58775405/cant-i-do-an-if-statement-asking-if-a-variable-is-greater-than-one-number-and-l
10981932	6243352	https://stackoverflow.com/questions/58614817/how-can-i-add-paths-to-the-pythonpath-or-path-variables-when-a-script-within-m
10981932	12332712	https://stackoverflow.com/questions/58614817/how-can-i-add-paths-to-the-pythonpath-or-path-variables-when-a-script-within-m
9879394	6553328	https://stackoverflow.com/questions/58775364/how-can-i-format-the-final-message-to-have-the-final-grade
12337744	10189214	https://stackoverflow.com/questions/58751045/is-there-any-way-that-classs-destructor-isnt-called-when-process-is-finished-i
12337744	8719334	https://stackoverflow.com/questions/58751045/is-there-any-way-that-classs-destructor-isnt-called-when-process-is-finished-i
12337744	1838257	https://stackoverflow.com/questions/58751045/is-there-any-way-that-classs-destructor-isnt-called-when-process-is-finished-i
10168510	12345346	https://stackoverflow.com/questions/58775396/need-to-get-black-hole-working-has-to-collide-with-ball
10168510	11796003	https://stackoverflow.com/questions/58775396/need-to-get-black-hole-working-has-to-collide-with-ball
2291710	8430733	https://stackoverflow.com/questions/58774719/how-to-import-types-defined-in-a-python-stub-file
12322855	9477338	https://stackoverflow.com/questions/58774862/python-doesnt-find-module
4936236	1405065	https://stackoverflow.com/questions/58775378/difference-in-size-of-a-file-and-its-contents
3346095	1713868	https://stackoverflow.com/questions/58755948/what-is-the-difference-between-typevar-and-newtype
3080600	11891566	https://stackoverflow.com/questions/58774833/python-check-using-utc-timestamp-if-it-is-dst-in-another-timezone
11891566	858675	https://stackoverflow.com/questions/58774974/how-to-print-ascii-white-space-from-file
11891566	8430733	https://stackoverflow.com/questions/58774974/how-to-print-ascii-white-space-from-file
11891566	4602882	https://stackoverflow.com/questions/58774974/how-to-print-ascii-white-space-from-file
12098223	674039	https://stackoverflow.com/questions/58775359/merge-tables-from-different-sources
12098223	2190251	https://stackoverflow.com/questions/58775359/merge-tables-from-different-sources
12098223	908269	https://stackoverflow.com/questions/58775359/merge-tables-from-different-sources
12098223	1707152	https://stackoverflow.com/questions/58775359/merge-tables-from-different-sources
12098223	187377	https://stackoverflow.com/questions/58775359/merge-tables-from-different-sources
12344423	11547576	https://stackoverflow.com/questions/58770972/mysqldb-problem-error-thrown-mysqldb-module-not-found
12344423	3286487	https://stackoverflow.com/questions/58770972/mysqldb-problem-error-thrown-mysqldb-module-not-found
12344423	11639533	https://stackoverflow.com/questions/58770972/mysqldb-problem-error-thrown-mysqldb-module-not-found
12345850	235698	https://stackoverflow.com/questions/58775343/python-type-question-integer-in-a-list-to-seperate-index
10376393	355230	https://stackoverflow.com/questions/58775286/python-subprocess-call-and-resolve-dnsname-not-working-on-windows
12001686	11891566	https://stackoverflow.com/questions/58773283/reordering-a-list-to-meet-conditions
9619640	12345770	https://stackoverflow.com/questions/58771484/how-to-build-a-flask-app-in-aws-ami-linux-with-pyhton2
12345773	12345014	https://stackoverflow.com/questions/58775125/how-can-i-shuffle-the-contents-of-a-list-and-keep-the-first-item-in-the-same-pos
12254012	11751534	https://stackoverflow.com/questions/58771201/how-can-i-print-some-texts-with-color-on-python-comand-and-change-the-background
12170442	1718477	https://stackoverflow.com/questions/58773992/shifting-letters-left
12170442	1513933	https://stackoverflow.com/questions/58773992/shifting-letters-left
8200892	130288	https://stackoverflow.com/questions/58775274/can-python-be-used-as-a-command-line-filter-in-the-manner-of-sed-awk-and-even
12207261	11751534	https://stackoverflow.com/questions/58775254/how-to-order-stacked-bar-chart-in-descending-order
4798004	10238	https://stackoverflow.com/questions/58774284/how-to-write-unit-tests-using-mocks-that-that-test-the-endpoint
4798004	906693	https://stackoverflow.com/questions/58774284/how-to-write-unit-tests-using-mocks-that-that-test-the-endpoint
8417524	2589128	https://stackoverflow.com/questions/58775246/get-the-closest-to-zero-values-of-a-numpy-array
8719334	11938023	https://stackoverflow.com/questions/58773957/pandas-str-split-function-is-not-working-properly
11045233	7200715	https://stackoverflow.com/questions/58774614/puzzle-program-breaks-when-the-dimensions-of-the-puzzle-are-3x3-or-less
11045233	2047157	https://stackoverflow.com/questions/58774614/puzzle-program-breaks-when-the-dimensions-of-the-puzzle-are-3x3-or-less
11045233	2096218	https://stackoverflow.com/questions/58774614/puzzle-program-breaks-when-the-dimensions-of-the-puzzle-are-3x3-or-less
11045233	1156245	https://stackoverflow.com/questions/58774614/puzzle-program-breaks-when-the-dimensions-of-the-puzzle-are-3x3-or-less
11045233	465081	https://stackoverflow.com/questions/58774614/puzzle-program-breaks-when-the-dimensions-of-the-puzzle-are-3x3-or-less
11045233	152809	https://stackoverflow.com/questions/58774614/puzzle-program-breaks-when-the-dimensions-of-the-puzzle-are-3x3-or-less
11045233	1832566	https://stackoverflow.com/questions/58774614/puzzle-program-breaks-when-the-dimensions-of-the-puzzle-are-3x3-or-less
11045233	7216865	https://stackoverflow.com/questions/58774614/puzzle-program-breaks-when-the-dimensions-of-the-puzzle-are-3x3-or-less
11045233	104349	https://stackoverflow.com/questions/58774614/puzzle-program-breaks-when-the-dimensions-of-the-puzzle-are-3x3-or-less
10760601	2965883	https://stackoverflow.com/questions/58766671/cannot-install-librosa-python-how-can-i-uninstall-llvmlite
10760601	704848	https://stackoverflow.com/questions/58766671/cannot-install-librosa-python-how-can-i-uninstall-llvmlite
8416019	12345745	https://stackoverflow.com/questions/58773813/finding-value-in-pandas-dataframe
8416019	10439676	https://stackoverflow.com/questions/58773813/finding-value-in-pandas-dataframe
11103685	3350428	https://stackoverflow.com/questions/58773248/pi-hardware-pwm-not-works-together-with-flask-integerfield-nor-stringfield
11103685	7261236	https://stackoverflow.com/questions/58773248/pi-hardware-pwm-not-works-together-with-flask-integerfield-nor-stringfield
9173690	8360965	https://stackoverflow.com/questions/58770164/combining-rgb-colours-of-pictures-into-one-picture-python-cimpl
12341559	5025009	https://stackoverflow.com/questions/58774080/convert-categorical-data-to-numerical-data-in-for-loop-in-python-pandas
12341559	9625777	https://stackoverflow.com/questions/58774080/convert-categorical-data-to-numerical-data-in-for-loop-in-python-pandas
12341559	431856	https://stackoverflow.com/questions/58774080/convert-categorical-data-to-numerical-data-in-for-loop-in-python-pandas
12341559	4637585	https://stackoverflow.com/questions/58774080/convert-categorical-data-to-numerical-data-in-for-loop-in-python-pandas
12341559	1529591	https://stackoverflow.com/questions/58774080/convert-categorical-data-to-numerical-data-in-for-loop-in-python-pandas
12341559	69707	https://stackoverflow.com/questions/58774080/convert-categorical-data-to-numerical-data-in-for-loop-in-python-pandas
12341559	396320	https://stackoverflow.com/questions/58774080/convert-categorical-data-to-numerical-data-in-for-loop-in-python-pandas
12319491	8538536	https://stackoverflow.com/questions/58744500/in-tflearn-exception-feed-dict-asks-for-variable-named-targets-but-no-such-va
11219043	11639533	https://stackoverflow.com/questions/58774957/python-3-how-does-the-else-work-in-this-loop
265683	12344790	https://stackoverflow.com/questions/58774499/detecting-a-noise-within-an-audio-stream-in-python
265683	10924830	https://stackoverflow.com/questions/58774499/detecting-a-noise-within-an-audio-stream-in-python
176841	6243352	https://stackoverflow.com/questions/58775178/filtering-outliers-within-each-category-of-categorical-data-in-pandas
674039	858675	https://stackoverflow.com/questions/21099057/control-the-pip-version-in-virtualenv
2727167	9475885	https://stackoverflow.com/questions/58775168/pandas-sum-column-with-variable-subarray-length-and-add-more-columns-to-result
9879394	12345745	https://stackoverflow.com/questions/58773841/how-can-i-format-this-output-to-have-a
9879394	7713184	https://stackoverflow.com/questions/58773841/how-can-i-format-this-output-to-have-a
9879394	332059	https://stackoverflow.com/questions/58773841/how-can-i-format-this-output-to-have-a
3193317	2874447	https://stackoverflow.com/questions/58773515/how-to-compare-strings-with-special-characters
10798906	5771269	https://stackoverflow.com/questions/58775137/how-can-i-create-a-stacked-bar-chart-in-matplotlib-where-the-stacks-vary-from-ba
10798906	116	https://stackoverflow.com/questions/58775137/how-can-i-create-a-stacked-bar-chart-in-matplotlib-where-the-stacks-vary-from-ba
10765606	12344059	https://stackoverflow.com/questions/58750983/convert-rhino-mesh-to-buffergeometry-json
10765606	8341461	https://stackoverflow.com/questions/58750983/convert-rhino-mesh-to-buffergeometry-json
10150665	11530809	https://stackoverflow.com/questions/58760806/why-loss-curve-perform-well-for-a-long-time-but-sudenly-have-strikes-near-the-en
10150665	4504639	https://stackoverflow.com/questions/58760806/why-loss-curve-perform-well-for-a-long-time-but-sudenly-have-strikes-near-the-en
12345014	4238408	https://stackoverflow.com/questions/58773059/problem-with-alarm-code-need-user-input-and-timer-in-background-timer-works-b
12344384	12339133	https://stackoverflow.com/questions/58771209/how-to-extract-several-data-contained-in-a-text
2375119	2750819	https://stackoverflow.com/questions/39087544/detecting-when-code-is-run-on-travis-ci
130288	7348030	https://stackoverflow.com/questions/58775108/whats-concise-idiomatic-way-to-get-row-wise-equality-of-2d-arrays-in-numpy
5408702	6552776	https://stackoverflow.com/questions/58775011/pytorch-module-not-found
5408702	901925	https://stackoverflow.com/questions/58775011/pytorch-module-not-found
5408702	10104112	https://stackoverflow.com/questions/58775011/pytorch-module-not-found
12345752	11938023	https://stackoverflow.com/questions/58775106/how-to-check-if-a-radiobutton-was-checked-from-another-class
12345752	3566606	https://stackoverflow.com/questions/58775106/how-to-check-if-a-radiobutton-was-checked-from-another-class
12344381	7095217	https://stackoverflow.com/questions/58775094/2d-bin-x-y-and-calculate-mean-of-values-c-of-10-deepest-data-points-z
12344381	5487108	https://stackoverflow.com/questions/58775094/2d-bin-x-y-and-calculate-mean-of-values-c-of-10-deepest-data-points-z
4133301	5771269	https://stackoverflow.com/questions/58585019/understanding-gradient-policy-deriving
4133301	3019689	https://stackoverflow.com/questions/58585019/understanding-gradient-policy-deriving
3734568	10987432	https://stackoverflow.com/questions/48643188/update-categories-in-emails-using-python
3734568	11752904	https://stackoverflow.com/questions/48643188/update-categories-in-emails-using-python
7261236	1092820	https://stackoverflow.com/questions/58741434/filter-one-data-frame-based-on-other-data-frame-in-pandas
7261236	5086255	https://stackoverflow.com/questions/58741434/filter-one-data-frame-based-on-other-data-frame-in-pandas
55281	7389264	https://stackoverflow.com/questions/3285193/how-to-change-backends-in-matplotlib-python
10686839	1388292	https://stackoverflow.com/questions/58774820/dataframe-column-according-max-value-of-many-columns
12333650	12115778	https://stackoverflow.com/questions/58770368/how-to-make-collision-in-flappybird
12345687	616616	https://stackoverflow.com/questions/58774970/how-to-compute-efficiently-an-orthogonality-vector-nlp
3715132	9375102	https://stackoverflow.com/questions/36941623/get-list-of-categories-in-specific-outlook-folder-inbox
12345700	7254633	https://stackoverflow.com/questions/58774956/python-cnn-keras-looking-for-more-information
2874447	6560549	https://stackoverflow.com/questions/58749459/restreaming-another-nginx-rtmp-stream
12143300	10777293	https://stackoverflow.com/questions/58773702/rock-paper-scissors-game-using-turtle-graphics-keys-not-working
12143300	10393925	https://stackoverflow.com/questions/58773702/rock-paper-scissors-game-using-turtle-graphics-keys-not-working
12143300	908316	https://stackoverflow.com/questions/58773702/rock-paper-scissors-game-using-turtle-graphics-keys-not-working
12143300	820173	https://stackoverflow.com/questions/58773702/rock-paper-scissors-game-using-turtle-graphics-keys-not-working
12143300	4333044	https://stackoverflow.com/questions/58773702/rock-paper-scissors-game-using-turtle-graphics-keys-not-working
12143300	2090850	https://stackoverflow.com/questions/58773702/rock-paper-scissors-game-using-turtle-graphics-keys-not-working
12143300	1015365	https://stackoverflow.com/questions/58773702/rock-paper-scissors-game-using-turtle-graphics-keys-not-working
12143300	422670	https://stackoverflow.com/questions/58773702/rock-paper-scissors-game-using-turtle-graphics-keys-not-working
12143300	388370	https://stackoverflow.com/questions/58773702/rock-paper-scissors-game-using-turtle-graphics-keys-not-working
12143300	12008	https://stackoverflow.com/questions/58773702/rock-paper-scissors-game-using-turtle-graphics-keys-not-working
12143300	38403	https://stackoverflow.com/questions/58773702/rock-paper-scissors-game-using-turtle-graphics-keys-not-working
12143300	21886	https://stackoverflow.com/questions/58773702/rock-paper-scissors-game-using-turtle-graphics-keys-not-working
12143300	185104	https://stackoverflow.com/questions/58773702/rock-paper-scissors-game-using-turtle-graphics-keys-not-working
3333354	11651556	https://stackoverflow.com/questions/54232611/unexpected-type-error-using-numpy-save-and-savez
3333354	7692859	https://stackoverflow.com/questions/54232611/unexpected-type-error-using-numpy-save-and-savez
10267497	9375102	https://stackoverflow.com/questions/58754860/cmd-opens-window-store-when-i-type-python
12172539	10885684	https://stackoverflow.com/questions/58774848/how-to-create-aggregate-columns-with-conditions-in-python
802191	11639533	https://stackoverflow.com/questions/58756646/pandas-dataframe-has-column-title-yet-doesnt-find-the-applied-filter
12210401	12339133	https://stackoverflow.com/questions/58366143/how-to-iterate-this-n-dimensional-array
12210401	11634290	https://stackoverflow.com/questions/58366143/how-to-iterate-this-n-dimensional-array
12210401	2346961	https://stackoverflow.com/questions/58366143/how-to-iterate-this-n-dimensional-array
12210401	7212686	https://stackoverflow.com/questions/58366143/how-to-iterate-this-n-dimensional-array
3566606	8300135	https://stackoverflow.com/questions/58774794/how-to-tackle-syntaxerror-in-python
12345708	2548596	https://stackoverflow.com/questions/58774878/creating-a-graph-of-a-scatterplot-from-a-tuple-of-tuples
7095217	5858851	https://stackoverflow.com/questions/58755365/django-model-form-field-language-is-not-changing
7095217	5828883	https://stackoverflow.com/questions/58755365/django-model-form-field-language-is-not-changing
7095217	1440565	https://stackoverflow.com/questions/58755365/django-model-form-field-language-is-not-changing
12231842	2654002	https://stackoverflow.com/questions/58774849/using-adobe-readers-export-as-text-function-in-python
12345451	7254633	https://stackoverflow.com/questions/58774850/python-incorrect-reader
9475885	12197595	https://stackoverflow.com/questions/58774363/how-to-thread-two-functions-where-one-output-effect-the-others-actions
5222	3106565	https://stackoverflow.com/questions/58674403/can-mypy-generics-express-passing-the-return-sequence-type-as-an-argument
5222	1491895	https://stackoverflow.com/questions/58674403/can-mypy-generics-express-passing-the-return-sequence-type-as-an-argument
9879394	5909839	https://stackoverflow.com/questions/58774706/how-should-i-cover-the-grade-function
11225821	12242051	https://stackoverflow.com/questions/58636218/postgres-get-the-different-objects-from-different-group-in-the-same-model
4509631	3600709	https://stackoverflow.com/questions/58774700/running-eval-in-the-context-of-an-interactiveinterpreter
4509631	1092820	https://stackoverflow.com/questions/58774700/running-eval-in-the-context-of-an-interactiveinterpreter
6451772	7901720	https://stackoverflow.com/questions/58771562/split-strings-into-a-huge-amount-of-columns-in-dask
6451772	10885684	https://stackoverflow.com/questions/58771562/split-strings-into-a-huge-amount-of-columns-in-dask
6451772	12345425	https://stackoverflow.com/questions/58771562/split-strings-into-a-huge-amount-of-columns-in-dask
6451772	10515117	https://stackoverflow.com/questions/58771562/split-strings-into-a-huge-amount-of-columns-in-dask
51197	2049312	https://stackoverflow.com/questions/58774691/pythonl-print-an-xml-element-as-xml-text
10963057	901925	https://stackoverflow.com/questions/58773971/python-count-occurrences-above-in-lambda-function
11805535	3322400	https://stackoverflow.com/questions/58772949/only-able-to-paste-string-values-to-a-flask-wtf-forms-field
208238	10524548	https://stackoverflow.com/questions/1711756/python-indentation-error-unindent-does-not-match-any-outer-indentation-level
208238	2901002	https://stackoverflow.com/questions/1711756/python-indentation-error-unindent-does-not-match-any-outer-indentation-level
208238	10201580	https://stackoverflow.com/questions/1711756/python-indentation-error-unindent-does-not-match-any-outer-indentation-level
12345387	1988232	https://stackoverflow.com/questions/58774014/some-python-related-problems
12345387	7229979	https://stackoverflow.com/questions/58774014/some-python-related-problems
12345387	4674445	https://stackoverflow.com/questions/58774014/some-python-related-problems
12345387	176922	https://stackoverflow.com/questions/58774014/some-python-related-problems
12345387	3931936	https://stackoverflow.com/questions/58774014/some-python-related-problems
12345387	728286	https://stackoverflow.com/questions/58774014/some-python-related-problems
12345387	4192269	https://stackoverflow.com/questions/58774014/some-python-related-problems
12345387	548792	https://stackoverflow.com/questions/58774014/some-python-related-problems
12345387	449449	https://stackoverflow.com/questions/58774014/some-python-related-problems
12343784	6332373	https://stackoverflow.com/questions/58774145/import-multiple-excel-files-and-merge-into-single-pandas-df-with-source-name-as
12343784	858565	https://stackoverflow.com/questions/58774145/import-multiple-excel-files-and-merge-into-single-pandas-df-with-source-name-as
11041613	1816644	https://stackoverflow.com/questions/58774663/getting-current-branch-name-using-dulwich
11041613	5840062	https://stackoverflow.com/questions/58774663/getting-current-branch-name-using-dulwich
12320544	7629797	https://stackoverflow.com/questions/58774250/webscraping-bs4-cannot-figure-out-how-to-get-a-result
6830209	12046409	https://stackoverflow.com/questions/58773920/i-removed-my-database-while-running-sudo-apt-autoremove-python
5228874	7326738	https://stackoverflow.com/questions/58774062/find-substrings-matching-a-pattern-allowing-overlaps
5228874	2422450	https://stackoverflow.com/questions/58774062/find-substrings-matching-a-pattern-allowing-overlaps
5228874	10967204	https://stackoverflow.com/questions/58774062/find-substrings-matching-a-pattern-allowing-overlaps
4663244	8324480	https://stackoverflow.com/questions/58735256/set-pythonpath-for-local-jupyter-notebook-in-vs-code
4663244	5173426	https://stackoverflow.com/questions/58735256/set-pythonpath-for-local-jupyter-notebook-in-vs-code
4663244	10392256	https://stackoverflow.com/questions/58735256/set-pythonpath-for-local-jupyter-notebook-in-vs-code
4663244	7177029	https://stackoverflow.com/questions/58735256/set-pythonpath-for-local-jupyter-notebook-in-vs-code
4663244	532312	https://stackoverflow.com/questions/58735256/set-pythonpath-for-local-jupyter-notebook-in-vs-code
12345575	12224335	https://stackoverflow.com/questions/58774550/is-there-a-way-to-choose-variable-by-some-chain-of-letters
12345575	6914441	https://stackoverflow.com/questions/58774550/is-there-a-way-to-choose-variable-by-some-chain-of-letters
12345575	10359850	https://stackoverflow.com/questions/58774550/is-there-a-way-to-choose-variable-by-some-chain-of-letters
12345575	9979257	https://stackoverflow.com/questions/58774550/is-there-a-way-to-choose-variable-by-some-chain-of-letters
12345575	10682169	https://stackoverflow.com/questions/58774550/is-there-a-way-to-choose-variable-by-some-chain-of-letters
12345575	301877	https://stackoverflow.com/questions/58774550/is-there-a-way-to-choose-variable-by-some-chain-of-letters
12345575	7064294	https://stackoverflow.com/questions/58774550/is-there-a-way-to-choose-variable-by-some-chain-of-letters
12345575	250798	https://stackoverflow.com/questions/58774550/is-there-a-way-to-choose-variable-by-some-chain-of-letters
12345575	82322	https://stackoverflow.com/questions/58774550/is-there-a-way-to-choose-variable-by-some-chain-of-letters
12345575	118364	https://stackoverflow.com/questions/58774550/is-there-a-way-to-choose-variable-by-some-chain-of-letters
1790338	11343115	https://stackoverflow.com/questions/58774424/if-i-want-to-multithread-urllib-and-then-multithread-running-regular-expressions
133374	12345332	https://stackoverflow.com/questions/58774526/tensorflow-custom-c-op-with-resource-handle
12273990	11356586	https://stackoverflow.com/questions/58756131/stop-for-loop-of-generator-in-second-to-the-last-iteration
12273990	6405346	https://stackoverflow.com/questions/58756131/stop-for-loop-of-generator-in-second-to-the-last-iteration
12273990	9161389	https://stackoverflow.com/questions/58756131/stop-for-loop-of-generator-in-second-to-the-last-iteration
5721803	3809375	https://stackoverflow.com/questions/58774510/strategy-for-removing-english-crap-words-from-string-nlp-such-as-um-uh
5721803	674039	https://stackoverflow.com/questions/58774510/strategy-for-removing-english-crap-words-from-string-nlp-such-as-um-uh
5721803	4042267	https://stackoverflow.com/questions/58774510/strategy-for-removing-english-crap-words-from-string-nlp-such-as-um-uh
12257987	996205	https://stackoverflow.com/questions/58774203/comparing-raw-input-to-an-specific-element-in-an-array-using-python
12257987	1330293	https://stackoverflow.com/questions/58774203/comparing-raw-input-to-an-specific-element-in-an-array-using-python
12257987	4076764	https://stackoverflow.com/questions/58774203/comparing-raw-input-to-an-specific-element-in-an-array-using-python
9813733	3416272	https://stackoverflow.com/questions/58774146/k-eval-giving-out-of-memory-error-in-keras
9813733	360826	https://stackoverflow.com/questions/58774146/k-eval-giving-out-of-memory-error-in-keras
12283168	8591431	https://stackoverflow.com/questions/58774029/differences-between-re-match-re-search-re-fullmatch
4764604	5320906	https://stackoverflow.com/questions/58774023/selenium-cant-find-element-by-class-name
2049312	906693	https://stackoverflow.com/questions/58768173/how-to-wrap-code-in-cells-on-jupyterlab-version-1-1-4
2049312	7804910	https://stackoverflow.com/questions/58768173/how-to-wrap-code-in-cells-on-jupyterlab-version-1-1-4
104239	10795935	https://stackoverflow.com/questions/58759650/numpy-advanced-indexing-bool-vs-int-indexerror-too-many-indices-for-array
104239	4268390	https://stackoverflow.com/questions/58759650/numpy-advanced-indexing-bool-vs-int-indexerror-too-many-indices-for-array
104239	7574575	https://stackoverflow.com/questions/58759650/numpy-advanced-indexing-bool-vs-int-indexerror-too-many-indices-for-array
104239	10147399	https://stackoverflow.com/questions/58759650/numpy-advanced-indexing-bool-vs-int-indexerror-too-many-indices-for-array
104239	1090302	https://stackoverflow.com/questions/58759650/numpy-advanced-indexing-bool-vs-int-indexerror-too-many-indices-for-array
1058858	2742418	https://stackoverflow.com/questions/58774465/mixin-method-super-call-generates-a-unresolved-attribute-reference-in-pycharm
12332712	355230	https://stackoverflow.com/questions/58754716/i-am-trying-to-turn-a-string-into-an-integer-in-python-but-it-wont-let-me
12332712	12285344	https://stackoverflow.com/questions/58754716/i-am-trying-to-turn-a-string-into-an-integer-in-python-but-it-wont-let-me
12332712	948122	https://stackoverflow.com/questions/58754716/i-am-trying-to-turn-a-string-into-an-integer-in-python-but-it-wont-let-me
10687230	9510729	https://stackoverflow.com/questions/55525371/how-to-check-if-a-certain-date-is-present-in-a-dictionary-and-if-not-return-the
1714156	2308683	https://stackoverflow.com/questions/48151386/idiomatically-gather-results-from-a-dict-of-futures
1714156	10515117	https://stackoverflow.com/questions/48151386/idiomatically-gather-results-from-a-dict-of-futures
1714156	12333471	https://stackoverflow.com/questions/48151386/idiomatically-gather-results-from-a-dict-of-futures
1714156	11651556	https://stackoverflow.com/questions/48151386/idiomatically-gather-results-from-a-dict-of-futures
12032370	1427416	https://stackoverflow.com/questions/58774396/is-multi-threading-cause-to-utilize-more-cpu-in-python
12032370	4279	https://stackoverflow.com/questions/58774396/is-multi-threading-cause-to-utilize-more-cpu-in-python
12032370	240443	https://stackoverflow.com/questions/58774396/is-multi-threading-cause-to-utilize-more-cpu-in-python
8857999	1485311	https://stackoverflow.com/questions/55627813/cartesian-product-of-a-dictionary-of-lists-as-items
3705609	3987854	https://stackoverflow.com/questions/55630851/python-match-elements-from-list
3705609	5253063	https://stackoverflow.com/questions/55630851/python-match-elements-from-list
257583	3663533	https://stackoverflow.com/questions/3739909/how-to-strip-all-whitespace-from-string
4790871	7153928	https://stackoverflow.com/questions/58720720/can-i-use-asyncio-to-read-from-and-write-to-a-multiprocessing-pipe
10495776	10691504	https://stackoverflow.com/questions/58774416/how-to-bind-enter-key-to-a-function-using-turtle
10495776	6087307	https://stackoverflow.com/questions/58774416/how-to-bind-enter-key-to-a-function-using-turtle
10495776	5447280	https://stackoverflow.com/questions/58774416/how-to-bind-enter-key-to-a-function-using-turtle
12345332	7598378	https://stackoverflow.com/questions/58773893/python2-porting-to-python3-configparser-exceptions-attributeerror-on-missings
12345332	7598378	https://stackoverflow.com/questions/58773893/python2-porting-to-python3-configparser-exceptions-attributeerror-on-missings
8870483	12343672	https://stackoverflow.com/questions/58774407/django-cannot-find-and-load-wsgi-module-with-gunicorn
1325279	105518	https://stackoverflow.com/questions/26131607/matplotlib-get-ylim-values
12092724	9952503	https://stackoverflow.com/questions/58773858/dataframe-object-has-no-attribute
2675061	6451573	https://stackoverflow.com/questions/58774325/create-new-array-from-json-in-python
11392048	10515117	https://stackoverflow.com/questions/55785959/python-maya-export-animation-values-script
11631338	2383070	https://stackoverflow.com/questions/58720418/using-a-condition-inside-a-dict-comprehension-script-problem
11631338	9874393	https://stackoverflow.com/questions/58720418/using-a-condition-inside-a-dict-comprehension-script-problem
513904	9053588	https://stackoverflow.com/questions/58774374/using-user-interpolants-in-pandas
12345446	1250772	https://stackoverflow.com/questions/58774140/how-to-find-even-numbers-in-a-string-in-python
674039	7688996	https://stackoverflow.com/questions/13833566/python-argparse-choices-from-an-infinite-set
12309514	10403584	https://stackoverflow.com/questions/58774336/how-to-understand-the-following-crontab-i-know-the-structure-but-cant-find-pro
12309514	7656369	https://stackoverflow.com/questions/58774336/how-to-understand-the-following-crontab-i-know-the-structure-but-cant-find-pro
12309514	684650	https://stackoverflow.com/questions/58774336/how-to-understand-the-following-crontab-i-know-the-structure-but-cant-find-pro
12309514	6284581	https://stackoverflow.com/questions/58774336/how-to-understand-the-following-crontab-i-know-the-structure-but-cant-find-pro
12309514	2185004	https://stackoverflow.com/questions/58774336/how-to-understand-the-following-crontab-i-know-the-structure-but-cant-find-pro
12309514	938949	https://stackoverflow.com/questions/58774336/how-to-understand-the-following-crontab-i-know-the-structure-but-cant-find-pro
12309514	2681088	https://stackoverflow.com/questions/58774336/how-to-understand-the-following-crontab-i-know-the-structure-but-cant-find-pro
12345348	3293881	https://stackoverflow.com/questions/58774309/how-can-i-interact-with-a-raspberry-pis-running-program-from-an-android-phone
12345348	8973620	https://stackoverflow.com/questions/58774309/how-can-i-interact-with-a-raspberry-pis-running-program-from-an-android-phone
12345348	4238408	https://stackoverflow.com/questions/58774309/how-can-i-interact-with-a-raspberry-pis-running-program-from-an-android-phone
10160787	4447761	https://stackoverflow.com/questions/58682789/specific-number-of-input-elements-in-a-list
10160787	6463137	https://stackoverflow.com/questions/58682789/specific-number-of-input-elements-in-a-list
10160787	5695374	https://stackoverflow.com/questions/58682789/specific-number-of-input-elements-in-a-list
10160787	588855	https://stackoverflow.com/questions/58682789/specific-number-of-input-elements-in-a-list
12167715	1491895	https://stackoverflow.com/questions/58774154/what-is-a-better-option-than-manually-index-in-python
313245	3534080	https://stackoverflow.com/questions/2775095/using-mysql-in-pydev-eclipse
12308322	11884237	https://stackoverflow.com/questions/58772021/how-to-delay-a-part-of-a-function-when-widgets-are-involved
8529269	2774368	https://stackoverflow.com/questions/58774249/python-how-to-extend-folium-functionality-such-as-measuring-distance-by-using
8529269	4391401	https://stackoverflow.com/questions/58774249/python-how-to-extend-folium-functionality-such-as-measuring-distance-by-using
12247886	2543601	https://stackoverflow.com/questions/58483699/probability-distribution-leads-to-the-process-finished-with-exit-code-137-inte
10203620	2076347	https://stackoverflow.com/questions/58759930/question-on-matplotlib-bar-plot-with-a-pandas-dataframe
10203620	624066	https://stackoverflow.com/questions/58759930/question-on-matplotlib-bar-plot-with-a-pandas-dataframe
10203620	89391	https://stackoverflow.com/questions/58759930/question-on-matplotlib-bar-plot-with-a-pandas-dataframe
10203620	9272126	https://stackoverflow.com/questions/58759930/question-on-matplotlib-bar-plot-with-a-pandas-dataframe
10203620	3785561	https://stackoverflow.com/questions/58759930/question-on-matplotlib-bar-plot-with-a-pandas-dataframe
10203620	230561	https://stackoverflow.com/questions/58759930/question-on-matplotlib-bar-plot-with-a-pandas-dataframe
10203620	642148	https://stackoverflow.com/questions/58759930/question-on-matplotlib-bar-plot-with-a-pandas-dataframe
10203620	267887	https://stackoverflow.com/questions/58759930/question-on-matplotlib-bar-plot-with-a-pandas-dataframe
3943868	885028	https://stackoverflow.com/questions/58774004/what-does-the-star-symbol-mean-in-this-formatting
3943868	10534041	https://stackoverflow.com/questions/58774004/what-does-the-star-symbol-mean-in-this-formatting
3943868	2373278	https://stackoverflow.com/questions/58774004/what-does-the-star-symbol-mean-in-this-formatting
3943868	1234000	https://stackoverflow.com/questions/58774004/what-does-the-star-symbol-mean-in-this-formatting
3943868	10233157	https://stackoverflow.com/questions/58774004/what-does-the-star-symbol-mean-in-this-formatting
3943868	6451573	https://stackoverflow.com/questions/58774004/what-does-the-star-symbol-mean-in-this-formatting
3943868	8142636	https://stackoverflow.com/questions/58774004/what-does-the-star-symbol-mean-in-this-formatting
3943868	7677359	https://stackoverflow.com/questions/58774004/what-does-the-star-symbol-mean-in-this-formatting
3943868	9449389	https://stackoverflow.com/questions/58774004/what-does-the-star-symbol-mean-in-this-formatting
3943868	8012789	https://stackoverflow.com/questions/58774004/what-does-the-star-symbol-mean-in-this-formatting
3943868	2106009	https://stackoverflow.com/questions/58774004/what-does-the-star-symbol-mean-in-this-formatting
3943868	856804	https://stackoverflow.com/questions/58774004/what-does-the-star-symbol-mean-in-this-formatting
3943868	3990239	https://stackoverflow.com/questions/58774004/what-does-the-star-symbol-mean-in-this-formatting
3943868	1903116	https://stackoverflow.com/questions/58774004/what-does-the-star-symbol-mean-in-this-formatting
1913233	2336654	https://stackoverflow.com/questions/58435371/issue-accessing-a-list-from-another-user-sitenot-owned-by-me-but-shared-with-m
1913233	4238408	https://stackoverflow.com/questions/58435371/issue-accessing-a-list-from-another-user-sitenot-owned-by-me-but-shared-with-m
1913233	11070463	https://stackoverflow.com/questions/58435371/issue-accessing-a-list-from-another-user-sitenot-owned-by-me-but-shared-with-m
9952503	799921	https://stackoverflow.com/questions/58683920/how-to-set-the-vatlayer-access-key-in-saleor-ecommerce-platform
9952503	6467650	https://stackoverflow.com/questions/58683920/how-to-set-the-vatlayer-access-key-in-saleor-ecommerce-platform
9960511	6451573	https://stackoverflow.com/questions/58774166/how-to-to-download-file-using-python-and-repl-it
11968163	12322064	https://stackoverflow.com/questions/58774155/smtp-no-suitable-auth
1849805	1838257	https://stackoverflow.com/questions/58774052/strange-empty-lists-produced-by-itertools-in-python
1849805	11897007	https://stackoverflow.com/questions/58774052/strange-empty-lists-produced-by-itertools-in-python
1849805	11752904	https://stackoverflow.com/questions/58774052/strange-empty-lists-produced-by-itertools-in-python
11846432	1838257	https://stackoverflow.com/questions/58774035/heroku-works-but-not-localhost800-anymore
11846432	11897007	https://stackoverflow.com/questions/58774035/heroku-works-but-not-localhost800-anymore
11846432	11752904	https://stackoverflow.com/questions/58774035/heroku-works-but-not-localhost800-anymore
3973175	5003756	https://stackoverflow.com/questions/58774122/cant-import-numpy-and-scipy-in-ubuntu-for-python-3-6-8
7366596	2212230	https://stackoverflow.com/questions/58774109/problem-with-drawing-decision-boundaries-for-k-nn-classifier
12124913	10890924	https://stackoverflow.com/questions/58754795/sklearn-labelencoder-keep-encoded-values-when-encoding-new-dataframe
4759924	6890912	https://stackoverflow.com/questions/58774107/python-ldap-search-ext-s-and-ldap-matching-rule-in-chain
4979733	4843137	https://stackoverflow.com/questions/58772907/comments-what-is-the-correct-regex-expression
4979733	126042	https://stackoverflow.com/questions/58772907/comments-what-is-the-correct-regex-expression
7010243	95810	https://stackoverflow.com/questions/58772524/return-longest-wiggle-subarray
7010243	4558344	https://stackoverflow.com/questions/58772524/return-longest-wiggle-subarray
7010243	23072	https://stackoverflow.com/questions/58772524/return-longest-wiggle-subarray
7010243	1714997	https://stackoverflow.com/questions/58772524/return-longest-wiggle-subarray
7010243	2361465	https://stackoverflow.com/questions/58772524/return-longest-wiggle-subarray
3507127	4784836	https://stackoverflow.com/questions/35545402/how-to-run-an-ipynb-jupyter-notebook-from-terminal
1230358	570918	https://stackoverflow.com/questions/58773467/increment-and-insert-values-based-on-a-specific-value-of-another-array
588855	10762325	https://stackoverflow.com/questions/43383114/valueerror-the-shape-of-the-input-to-flatten-is-not-fully-defined
588855	1569297	https://stackoverflow.com/questions/43383114/valueerror-the-shape-of-the-input-to-flatten-is-not-fully-defined
588855	4763988	https://stackoverflow.com/questions/43383114/valueerror-the-shape-of-the-input-to-flatten-is-not-fully-defined
10829658	6378557	https://stackoverflow.com/questions/58771793/parsing-multiple-values-from-line-causes-error-if-both-vaules-not-there
2774368	26933	https://stackoverflow.com/questions/58730537/pytest-error-when-importing-my-function-decorator
2774368	1078391	https://stackoverflow.com/questions/58730537/pytest-error-when-importing-my-function-decorator
2774368	2082371	https://stackoverflow.com/questions/58730537/pytest-error-when-importing-my-function-decorator
2774368	172999	https://stackoverflow.com/questions/58730537/pytest-error-when-importing-my-function-decorator
2774368	180783	https://stackoverflow.com/questions/58730537/pytest-error-when-importing-my-function-decorator
8329998	8854381	https://stackoverflow.com/questions/58772651/make-a-nested-dict-with-defaultdict
8329998	6699187	https://stackoverflow.com/questions/58772651/make-a-nested-dict-with-defaultdict
8329998	1250465	https://stackoverflow.com/questions/58772651/make-a-nested-dict-with-defaultdict
8329998	2729038	https://stackoverflow.com/questions/58772651/make-a-nested-dict-with-defaultdict
8329998	16148	https://stackoverflow.com/questions/58772651/make-a-nested-dict-with-defaultdict
8329998	828824	https://stackoverflow.com/questions/58772651/make-a-nested-dict-with-defaultdict
11865845	1401686	https://stackoverflow.com/questions/58773879/groupby-is-not-finding-all-ids
8000039	2122833	https://stackoverflow.com/questions/58774006/cannot-download-package-in-anaconda-navigator
420840	12046409	https://stackoverflow.com/questions/5306756/how-to-print-a-percentage-value-in-python
2080298	754991	https://stackoverflow.com/questions/19859282/check-if-a-string-contains-a-number
5175815	7658051	https://stackoverflow.com/questions/58773477/creating-a-scatterplot-of-subsets-of-a-dataframe
5175815	1928977	https://stackoverflow.com/questions/58773477/creating-a-scatterplot-of-subsets-of-a-dataframe
5175815	7658051	https://stackoverflow.com/questions/58773477/creating-a-scatterplot-of-subsets-of-a-dataframe
5175815	7802577	https://stackoverflow.com/questions/58773477/creating-a-scatterplot-of-subsets-of-a-dataframe
5175815	104349	https://stackoverflow.com/questions/58773477/creating-a-scatterplot-of-subsets-of-a-dataframe
8111012	6004983	https://stackoverflow.com/questions/47862363/pycharm-project-interpreter
9879394	8973620	https://stackoverflow.com/questions/58769751/how-can-i-figure-out-how-to-get-the-user-to-reply-to-the-question-in-this-python
9879394	489590	https://stackoverflow.com/questions/58769751/how-can-i-figure-out-how-to-get-the-user-to-reply-to-the-question-in-this-python
4409734	2346961	https://stackoverflow.com/questions/58773674/fast-way-for-one-hot-encoding-with-python
10617194	11517841	https://stackoverflow.com/questions/58773741/datetime-column-manipulation-and-making-a-new-column-in-dataframe
12344948	4111568	https://stackoverflow.com/questions/58772566/how-to-update-a-row-in-django-using-a-form
168717	11204702	https://stackoverflow.com/questions/1993727/expanding-tuples-into-arguments
10076702	1694364	https://stackoverflow.com/questions/58772647/adjust-color-curves-in-python-similar-to-gimp
9258239	1089161	https://stackoverflow.com/questions/58770787/controlling-decimals-rather-than-significant-digits-in-python
9258239	12046409	https://stackoverflow.com/questions/58770787/controlling-decimals-rather-than-significant-digits-in-python
12345252	850848	https://stackoverflow.com/questions/58773868/is-there-a-way-to-store-previous-value-in-a-row-and-change-when-a-new-condition
828824	11162165	https://stackoverflow.com/questions/10952514/telnetlib-python-example
12341610	11752904	https://stackoverflow.com/questions/58761274/how-to-convert-categorical-data-to-numerical-data-in-for-loop-in-python-pandas
4404729	11138259	https://stackoverflow.com/questions/58773611/replacing-a-character-in-a-python-string-odd-output-with-print
3294779	11002446	https://stackoverflow.com/questions/47304291/heroku-upload-could-not-find-a-version-that-satisfies-the-requirement-anaconda
7593671	6656130	https://stackoverflow.com/questions/44474592/how-to-fill-the-nan-values-with-mode-in-python-pandas-dataset
12278298	11651556	https://stackoverflow.com/questions/58742664/syntaxerror-invalid-syntax-while-trying-to-release-webcam
3130926	12339901	https://stackoverflow.com/questions/58773794/how-to-add-a-constant-line-to-hvplot
3130926	10161323	https://stackoverflow.com/questions/58773794/how-to-add-a-constant-line-to-hvplot
3130926	2204926	https://stackoverflow.com/questions/58773794/how-to-add-a-constant-line-to-hvplot
3130926	4501263	https://stackoverflow.com/questions/58773794/how-to-add-a-constant-line-to-hvplot
7562737	2315085	https://stackoverflow.com/questions/58761258/sns-unable-to-trigger-lambda-when-created-using-cloudformation
5902880	12305476	https://stackoverflow.com/questions/58758381/apache-tika-server-failed-to-receive-startup-confirmation-from-startserver
11399752	2924421	https://stackoverflow.com/questions/58773777/unittest-coverage-seems-to-include-imported-libraries
11399752	5017758	https://stackoverflow.com/questions/58773777/unittest-coverage-seems-to-include-imported-libraries
11399752	2019586	https://stackoverflow.com/questions/58773777/unittest-coverage-seems-to-include-imported-libraries
11399752	10603525	https://stackoverflow.com/questions/58773777/unittest-coverage-seems-to-include-imported-libraries
11399752	3687902	https://stackoverflow.com/questions/58773777/unittest-coverage-seems-to-include-imported-libraries
11399752	8584383	https://stackoverflow.com/questions/58773777/unittest-coverage-seems-to-include-imported-libraries
11399752	2625098	https://stackoverflow.com/questions/58773777/unittest-coverage-seems-to-include-imported-libraries
11399752	1705127	https://stackoverflow.com/questions/58773777/unittest-coverage-seems-to-include-imported-libraries
11399752	4256081	https://stackoverflow.com/questions/58773777/unittest-coverage-seems-to-include-imported-libraries
11399752	657568	https://stackoverflow.com/questions/58773777/unittest-coverage-seems-to-include-imported-libraries
11399752	2321081	https://stackoverflow.com/questions/58773777/unittest-coverage-seems-to-include-imported-libraries
11399752	4694757	https://stackoverflow.com/questions/58773777/unittest-coverage-seems-to-include-imported-libraries
11399752	6930183	https://stackoverflow.com/questions/58773777/unittest-coverage-seems-to-include-imported-libraries
11399752	6586481	https://stackoverflow.com/questions/58773777/unittest-coverage-seems-to-include-imported-libraries
11399752	8379578	https://stackoverflow.com/questions/58773777/unittest-coverage-seems-to-include-imported-libraries
11399752	1051441	https://stackoverflow.com/questions/58773777/unittest-coverage-seems-to-include-imported-libraries
12339842	2671285	https://stackoverflow.com/questions/58756127/extract-numbers-from-the-string-python
12339842	2679834	https://stackoverflow.com/questions/58756127/extract-numbers-from-the-string-python
5741066	67579	https://stackoverflow.com/questions/58762990/automatic-template-selection-in-amazon-textract
5896124	11751534	https://stackoverflow.com/questions/58773064/how-to-filter-a-list-of-lists-in-python
10779475	12131706	https://stackoverflow.com/questions/58773754/yolov3-with-rotation
10556816	3973175	https://stackoverflow.com/questions/58589446/implementing-python-into-ibm-spss-modeler-18-2
9243846	6451573	https://stackoverflow.com/questions/58769815/is-there-a-sympy-function-to-extract-coefficients-of-negative-power-monomials
12339937	11803249	https://stackoverflow.com/questions/58756550/sftp-connection-in-python-using-a-rsa-ssh-256-public-key
12339937	4596776	https://stackoverflow.com/questions/58756550/sftp-connection-in-python-using-a-rsa-ssh-256-public-key
12339937	712654	https://stackoverflow.com/questions/58756550/sftp-connection-in-python-using-a-rsa-ssh-256-public-key
11260467	6241235	https://stackoverflow.com/questions/58773695/python-string-comparison-with-is-seems-weird
10295265	674039	https://stackoverflow.com/questions/58763155/how-to-highlight-pixel-changes-between-images-using-opencv
11308135	7551899	https://stackoverflow.com/questions/58773666/how-to-run-a-for-loop-with-a-library-specific-item-in-python
7061265	4368068	https://stackoverflow.com/questions/58772912/pip-gitfile-doesnt-work-with-setup-cfg
12345219	5320906	https://stackoverflow.com/questions/58773632/python-chromedriver-webdriverexception-invalid-argument
11002446	11019743	https://stackoverflow.com/questions/58773476/why-do-i-get-pymodbus-modbusioexception-on-20-of-attempts
1795110	11783807	https://stackoverflow.com/questions/58773113/selenium-stuck-after-login-popup-dialog-displayed
12345205	7348030	https://stackoverflow.com/questions/58773382/how-to-print-multiple-user-inputs-on-one-line
12345153	5386938	https://stackoverflow.com/questions/58773320/if-duplicate-return-the-corresponding-row-value-in-python-pandas
12344437	7153928	https://stackoverflow.com/questions/58771062/importing-multiple-csv-files-and-asking-user-input-to-choose-file
12344437	11062030	https://stackoverflow.com/questions/58771062/importing-multiple-csv-files-and-asking-user-input-to-choose-file
9290609	5025009	https://stackoverflow.com/questions/58773536/function-object-has-no-attribute-objects
11530112	11019743	https://stackoverflow.com/questions/58773514/how-can-i-tell-when-i-need-to-import-the-sys-module-in-python
11530112	12090086	https://stackoverflow.com/questions/58773514/how-can-i-tell-when-i-need-to-import-the-sys-module-in-python
12131706	11890264	https://stackoverflow.com/questions/58757991/how-do-i-re-organise-a-python-module-to-not-reflect-the-directory-structure
12131706	4604579	https://stackoverflow.com/questions/58757991/how-do-i-re-organise-a-python-module-to-not-reflect-the-directory-structure
3973175	12245907	https://stackoverflow.com/questions/58773364/pyspark-extract-collect-first-array-element-from-a-column
3973175	7372484	https://stackoverflow.com/questions/58773364/pyspark-extract-collect-first-array-element-from-a-column
3973175	10818128	https://stackoverflow.com/questions/58773364/pyspark-extract-collect-first-array-element-from-a-column
3973175	1855988	https://stackoverflow.com/questions/58773364/pyspark-extract-collect-first-array-element-from-a-column
3973175	2901002	https://stackoverflow.com/questions/58773364/pyspark-extract-collect-first-array-element-from-a-column
2496636	2125198	https://stackoverflow.com/questions/17166198/arabic-text-is-not-properly-wrapped-in-reportlabs-paragraph-flowable
2496636	4240413	https://stackoverflow.com/questions/17166198/arabic-text-is-not-properly-wrapped-in-reportlabs-paragraph-flowable
2496636	7215928	https://stackoverflow.com/questions/17166198/arabic-text-is-not-properly-wrapped-in-reportlabs-paragraph-flowable
5881652	858675	https://stackoverflow.com/questions/58773507/how-to-return-the-result-based-on-queryset-in-django-rest-framework
12297237	3700626	https://stackoverflow.com/questions/58772991/i-am-getting-very-low-score-in-sklearn-diabetes-data-set-using-linear-regressio
4393209	823321	https://stackoverflow.com/questions/58757072/cant-install-python-package-located-in-private-nexus-repo-on-docker-build
12114756	6779049	https://stackoverflow.com/questions/58773391/html-to-pdf-inside-a-container-with-flask
3133995	7348030	https://stackoverflow.com/questions/58772478/convert-the-values-in-tuples-from-unicode-to-string-when-the-tuples-are-in-a-li
9022525	12310152	https://stackoverflow.com/questions/58772540/selenium-create-multiple-browser-sessions
12334091	5393381	https://stackoverflow.com/questions/58773227/how-to-check-for-identical-strings-in-a-list-in-python
12334091	1491895	https://stackoverflow.com/questions/58773227/how-to-check-for-identical-strings-in-a-list-in-python
12334091	2460780	https://stackoverflow.com/questions/58773227/how-to-check-for-identical-strings-in-a-list-in-python
12109095	10885684	https://stackoverflow.com/questions/58773381/how-do-i-execute-a-script-in-gui-when-user-presses-enter-key
12328235	1307905	https://stackoverflow.com/questions/58739329/can%c2%b4t-reach-to-this-specific-css-html-tag-python-web-scraping
7792911	5799880	https://stackoverflow.com/questions/58773380/how-to-automatically-find-the-size-length-of-an-object-in-an-image-please-sugge
11460892	11776417	https://stackoverflow.com/questions/58750987/how-to-convert-tkinter-get-function-string-to-int-in-python
12343153	3436535	https://stackoverflow.com/questions/58766561/scikit-learn-sklearn-confusion-matrix-plot-for-more-than-3-classes
7538023	12305476	https://stackoverflow.com/questions/58773072/selenium-webdriverexception-chromedriver-exe-needs-to-be-in-path
263284	7348030	https://stackoverflow.com/questions/58770516/elasticsearch-dsl-on-python-fails-to-generate-score
263284	10189214	https://stackoverflow.com/questions/58770516/elasticsearch-dsl-on-python-fails-to-generate-score
10650203	901925	https://stackoverflow.com/questions/57839532/cannot-convert-string-column-to-float-in-pandas
10650203	3293881	https://stackoverflow.com/questions/57839532/cannot-convert-string-column-to-float-in-pandas
10650203	2867928	https://stackoverflow.com/questions/57839532/cannot-convert-string-column-to-float-in-pandas
8530873	748858	https://stackoverflow.com/questions/56927602/unable-to-load-the-spacy-model-en-core-web-lg-on-google-colab
12342061	2586761	https://stackoverflow.com/questions/58762815/how-to-play-an-mp3-file-while-a-text-based-program-is-loading-python
12342061	1935861	https://stackoverflow.com/questions/58762815/how-to-play-an-mp3-file-while-a-text-based-program-is-loading-python
12342061	2246	https://stackoverflow.com/questions/58762815/how-to-play-an-mp3-file-while-a-text-based-program-is-loading-python
12344972	5771269	https://stackoverflow.com/questions/58773013/person-class-is-repeating-the-same-inputs
12344972	1110833	https://stackoverflow.com/questions/58773013/person-class-is-repeating-the-same-inputs
12171602	4238408	https://stackoverflow.com/questions/58771825/blank-console-output-when-running-py-from-c-application
12171602	11897007	https://stackoverflow.com/questions/58771825/blank-console-output-when-running-py-from-c-application
5635395	12333496	https://stackoverflow.com/questions/58766648/how-to-send-a-char-from-c-to-python-over-serial
5635395	4912756	https://stackoverflow.com/questions/58766648/how-to-send-a-char-from-c-to-python-over-serial
11915114	9049108	https://stackoverflow.com/questions/58770071/why-the-initial-value-p0-you-assigned-will-largely-affect-the-fitting-result
11915114	42346	https://stackoverflow.com/questions/58770071/why-the-initial-value-p0-you-assigned-will-largely-affect-the-fitting-result
12333234	1551810	https://stackoverflow.com/questions/58772980/normalize-a-deeply-nested-json-in-pandas
12333234	11270121	https://stackoverflow.com/questions/58772980/normalize-a-deeply-nested-json-in-pandas
12333234	869951	https://stackoverflow.com/questions/58772980/normalize-a-deeply-nested-json-in-pandas
12333234	533	https://stackoverflow.com/questions/58772980/normalize-a-deeply-nested-json-in-pandas
12345175	115612	https://stackoverflow.com/questions/58773253/diagonal-photo-fade-in-python
12118163	5237560	https://stackoverflow.com/questions/58095877/tried-to-use-pyinstaller-scriptname-py-and-got-typeerror-an-integer-is-req
12118163	4056181	https://stackoverflow.com/questions/58095877/tried-to-use-pyinstaller-scriptname-py-and-got-typeerror-an-integer-is-req
12118163	7348030	https://stackoverflow.com/questions/58095877/tried-to-use-pyinstaller-scriptname-py-and-got-typeerror-an-integer-is-req
12118163	1126841	https://stackoverflow.com/questions/58095877/tried-to-use-pyinstaller-scriptname-py-and-got-typeerror-an-integer-is-req
11706035	9851754	https://stackoverflow.com/questions/58773245/how-to-render-a-piece-of-data-stored-in-an-external-model-without-refreshing-the
11706035	11502612	https://stackoverflow.com/questions/58773245/how-to-render-a-piece-of-data-stored-in-an-external-model-without-refreshing-the
11706035	7371893	https://stackoverflow.com/questions/58773245/how-to-render-a-piece-of-data-stored-in-an-external-model-without-refreshing-the
10981126	8768207	https://stackoverflow.com/questions/58770745/select-drop-down-option-using-selenium-headless-chrome-python
11857254	6591675	https://stackoverflow.com/questions/58770666/how-to-remove-2-spaces-from-the-output-of-ruamel-yaml-dump
10872352	423926	https://stackoverflow.com/questions/58769226/is-there-correct-steps-in-preprocessing-text-for-linear-regression
10872352	8622976	https://stackoverflow.com/questions/58769226/is-there-correct-steps-in-preprocessing-text-for-linear-regression
10872352	234775	https://stackoverflow.com/questions/58769226/is-there-correct-steps-in-preprocessing-text-for-linear-regression
10872352	4531270	https://stackoverflow.com/questions/58769226/is-there-correct-steps-in-preprocessing-text-for-linear-regression
10872352	1843248	https://stackoverflow.com/questions/58769226/is-there-correct-steps-in-preprocessing-text-for-linear-regression
10872352	559935	https://stackoverflow.com/questions/58769226/is-there-correct-steps-in-preprocessing-text-for-linear-regression
10872352	2804865	https://stackoverflow.com/questions/58769226/is-there-correct-steps-in-preprocessing-text-for-linear-regression
10872352	1551810	https://stackoverflow.com/questions/58769226/is-there-correct-steps-in-preprocessing-text-for-linear-regression
10872352	7574324	https://stackoverflow.com/questions/58769226/is-there-correct-steps-in-preprocessing-text-for-linear-regression
10872352	4246855	https://stackoverflow.com/questions/58769226/is-there-correct-steps-in-preprocessing-text-for-linear-regression
10872352	232371	https://stackoverflow.com/questions/58769226/is-there-correct-steps-in-preprocessing-text-for-linear-regression
10872352	180174	https://stackoverflow.com/questions/58769226/is-there-correct-steps-in-preprocessing-text-for-linear-regression
10872352	845296	https://stackoverflow.com/questions/58769226/is-there-correct-steps-in-preprocessing-text-for-linear-regression
10872352	3124256	https://stackoverflow.com/questions/58769226/is-there-correct-steps-in-preprocessing-text-for-linear-regression
10872352	323751	https://stackoverflow.com/questions/58769226/is-there-correct-steps-in-preprocessing-text-for-linear-regression
10872352	177275	https://stackoverflow.com/questions/58769226/is-there-correct-steps-in-preprocessing-text-for-linear-regression
10872352	1532627	https://stackoverflow.com/questions/58769226/is-there-correct-steps-in-preprocessing-text-for-linear-regression
10872352	1236083	https://stackoverflow.com/questions/58769226/is-there-correct-steps-in-preprocessing-text-for-linear-regression
10872352	132542	https://stackoverflow.com/questions/58769226/is-there-correct-steps-in-preprocessing-text-for-linear-regression
10872352	66289	https://stackoverflow.com/questions/58769226/is-there-correct-steps-in-preprocessing-text-for-linear-regression
10872352	18852	https://stackoverflow.com/questions/58769226/is-there-correct-steps-in-preprocessing-text-for-linear-regression
10872352	205736	https://stackoverflow.com/questions/58769226/is-there-correct-steps-in-preprocessing-text-for-linear-regression
10872352	574426	https://stackoverflow.com/questions/58769226/is-there-correct-steps-in-preprocessing-text-for-linear-regression
10872352	407879	https://stackoverflow.com/questions/58769226/is-there-correct-steps-in-preprocessing-text-for-linear-regression
10872352	253890	https://stackoverflow.com/questions/58769226/is-there-correct-steps-in-preprocessing-text-for-linear-regression
1230358	7212686	https://stackoverflow.com/questions/58772776/expand-a-numpy-array-based-on-a-value-in-another-array
889604	9537641	https://stackoverflow.com/questions/13254351/sorting-contents-of-a-file
889604	8192635	https://stackoverflow.com/questions/13254351/sorting-contents-of-a-file
602775	5599955	https://stackoverflow.com/questions/58737920/clustering-scaler-data-using-distance-measurement-from-centroid
12345122	8701024	https://stackoverflow.com/questions/58773067/max-dates-from-list-variable-not-momorizing-it
12345122	3406693	https://stackoverflow.com/questions/58773067/max-dates-from-list-variable-not-momorizing-it
1935861	3789550	https://stackoverflow.com/questions/21595421/using-environment-variables-in-fabric
12263051	12339901	https://stackoverflow.com/questions/58772522/why-do-i-get-the-error-no-such-column-name
12263051	6798791	https://stackoverflow.com/questions/58772522/why-do-i-get-the-error-no-such-column-name
12263051	1839849	https://stackoverflow.com/questions/58772522/why-do-i-get-the-error-no-such-column-name
12263051	523612	https://stackoverflow.com/questions/58772522/why-do-i-get-the-error-no-such-column-name
12263051	20862	https://stackoverflow.com/questions/58772522/why-do-i-get-the-error-no-such-column-name
122364	9824037	https://stackoverflow.com/questions/3031219/recursively-access-dict-via-attributes-as-well-as-index-access
5356096	3277133	https://stackoverflow.com/questions/58772225/is-it-possible-to-load-a-c-binary-saved-array-into-a-python-array
6865633	9448377	https://stackoverflow.com/questions/58648829/whats-the-most-pythonic-way-to-check-to-what-particular-range-out-of-many-a-n
9851754	317052	https://stackoverflow.com/questions/58756276/rise-unicodeencodeerror-in-logging-streamhandler
12335473	6556938	https://stackoverflow.com/questions/58772997/what-is-the-best-way-to-run-a-select-oracle-32-bit-statement-in-python
12335473	11968227	https://stackoverflow.com/questions/58772997/what-is-the-best-way-to-run-a-select-oracle-32-bit-statement-in-python
954835	2988730	https://stackoverflow.com/questions/58772238/pyside-is-it-possible-to-draw-a-smoothed-line-qpainter
12345041	8271309	https://stackoverflow.com/questions/58772905/how-to-add-variable-name-on-a-python-tk-entry-made-in-a-for-loop
11730789	4740706	https://stackoverflow.com/questions/58746991/how-to-optimize-between-two-matrices-and-return-the-matrix-parameters
11730789	2057509	https://stackoverflow.com/questions/58746991/how-to-optimize-between-two-matrices-and-return-the-matrix-parameters
11730789	7282091	https://stackoverflow.com/questions/58746991/how-to-optimize-between-two-matrices-and-return-the-matrix-parameters
12332712	10470287	https://stackoverflow.com/questions/58771995/saving-a-dictionary-to-file-while-keeping-it-as-a-dictionary
2106169	7367049	https://stackoverflow.com/questions/58700451/alpine-error-during-installing-python-shapely
2106169	12017769	https://stackoverflow.com/questions/58700451/alpine-error-during-installing-python-shapely
2106169	4992422	https://stackoverflow.com/questions/58700451/alpine-error-during-installing-python-shapely
5126038	5752027	https://stackoverflow.com/questions/58762298/bokeh-custom-tooltips-stacking-on-top-of-each-other
4290740	11561359	https://stackoverflow.com/questions/58769247/django-models-display-object-in-django-admin-by-fk-description
10592936	1092820	https://stackoverflow.com/questions/58772812/i-am-computing-cosine-similarity-of-my-product-features-but-wanted-to-save-the-o
11898797	12326233	https://stackoverflow.com/questions/58772777/seg-fault-while-saving-attributes-to-h5-file
11898797	1491895	https://stackoverflow.com/questions/58772777/seg-fault-while-saving-attributes-to-h5-file
2383199	10559735	https://stackoverflow.com/questions/16621498/how-to-append-multiple-items-in-one-line-in-python
2383199	11776417	https://stackoverflow.com/questions/16621498/how-to-append-multiple-items-in-one-line-in-python
9824037	2118130	https://stackoverflow.com/questions/54833546/unable-to-run-a-python-script-inside-docker-from-jenkins-pipeline
12132799	2758131	https://stackoverflow.com/questions/58772660/what-does-settingwithcopywarning-imply
12132799	9988229	https://stackoverflow.com/questions/58772660/what-does-settingwithcopywarning-imply
12132799	8160718	https://stackoverflow.com/questions/58772660/what-does-settingwithcopywarning-imply
4611356	1721499	https://stackoverflow.com/questions/58772649/how-to-make-a-dtype-for-list-of-arrays-in-numpy-python3
4611356	7998591	https://stackoverflow.com/questions/58772649/how-to-make-a-dtype-for-list-of-arrays-in-numpy-python3
12275428	6539499	https://stackoverflow.com/questions/58564088/how-to-save-a-model-load-and-predict-with-the-saved-model-on-tensorflow
8706200	11884237	https://stackoverflow.com/questions/58772720/ifft-and-fft-in-python
1683101	1462718	https://stackoverflow.com/questions/58772715/im-trying-to-drive-a-revolute-joint-with-a-contact-set-via-script
1683101	1064375	https://stackoverflow.com/questions/58772715/im-trying-to-drive-a-revolute-joint-with-a-contact-set-via-script
6741482	3019689	https://stackoverflow.com/questions/58772693/subclassing-namedtuple-vs-implementing-slots
2212059	7311110	https://stackoverflow.com/questions/58772582/date-differences-with-pandas-includes-performance-implications
2212059	7475225	https://stackoverflow.com/questions/58772582/date-differences-with-pandas-includes-performance-implications
1644352	3633891	https://stackoverflow.com/questions/58772301/how-to-use-force-with-lease-with-gitpython-git-remote-remote
1644352	8784938	https://stackoverflow.com/questions/58772301/how-to-use-force-with-lease-with-gitpython-git-remote-remote
8069821	3633891	https://stackoverflow.com/questions/44926465/upload-image-in-flask
12270530	592851	https://stackoverflow.com/questions/58770440/future-predictions-with-lstm
12270530	2482744	https://stackoverflow.com/questions/58770440/future-predictions-with-lstm
9932220	9049108	https://stackoverflow.com/questions/58772588/online-offline-stream-clustering-algorithms-implementation-in-python
12131415	12131830	https://stackoverflow.com/questions/58770159/replace-method-with-method-of-instance-of-different-class
12067191	6660373	https://stackoverflow.com/questions/58771795/how-can-i-rename-only-specific-folder
12067191	3041840	https://stackoverflow.com/questions/58771795/how-can-i-rename-only-specific-folder
12067191	674039	https://stackoverflow.com/questions/58771795/how-can-i-rename-only-specific-folder
12067191	2153910	https://stackoverflow.com/questions/58771795/how-can-i-rename-only-specific-folder
12067191	8993294	https://stackoverflow.com/questions/58771795/how-can-i-rename-only-specific-folder
12067191	5393381	https://stackoverflow.com/questions/58771795/how-can-i-rename-only-specific-folder
12067191	2211268	https://stackoverflow.com/questions/58771795/how-can-i-rename-only-specific-folder
12067191	35070	https://stackoverflow.com/questions/58771795/how-can-i-rename-only-specific-folder
12067191	464744	https://stackoverflow.com/questions/58771795/how-can-i-rename-only-specific-folder
12067191	455276	https://stackoverflow.com/questions/58771795/how-can-i-rename-only-specific-folder
10559735	5090416	https://stackoverflow.com/questions/58770614/writing-an-algorithm-for-tiling-a-floor-using-python
10559735	3707564	https://stackoverflow.com/questions/58770614/writing-an-algorithm-for-tiling-a-floor-using-python
10559735	3001761	https://stackoverflow.com/questions/58770614/writing-an-algorithm-for-tiling-a-floor-using-python
2758131	728583	https://stackoverflow.com/questions/58762144/building-python-dictionaries-dynamically-does-not-returns-the-desired-result
2758131	5783902	https://stackoverflow.com/questions/58762144/building-python-dictionaries-dynamically-does-not-returns-the-desired-result
2758131	3118251	https://stackoverflow.com/questions/58762144/building-python-dictionaries-dynamically-does-not-returns-the-desired-result
2758131	5276734	https://stackoverflow.com/questions/58762144/building-python-dictionaries-dynamically-does-not-returns-the-desired-result
12338927	2832976	https://stackoverflow.com/questions/58772503/output-probabilities-of-next-word-given-inputted-word-and-target-word-in-an-rnn
12338927	1220305	https://stackoverflow.com/questions/58772503/output-probabilities-of-next-word-given-inputted-word-and-target-word-in-an-rnn
4443411	8245469	https://stackoverflow.com/questions/58772498/sql-alchemy-not-working-after-install-python
5615327	2482744	https://stackoverflow.com/questions/55311390/postgresql-programmingerror-function-identifierunknown-does-not-exist
12338260	9331091	https://stackoverflow.com/questions/58750929/python-pandas-dataframe-count-values-greater-than-or-equal-to-a-value-in-the-da
548894	2336654	https://stackoverflow.com/questions/58770519/get-access-to-c-class-created-in-python-from-c
12344783	12245907	https://stackoverflow.com/questions/58772390/how-to-fix-web-page-content-not-showing-when-using-phantomjs-in-selenium-python
12344783	5438323	https://stackoverflow.com/questions/58772390/how-to-fix-web-page-content-not-showing-when-using-phantomjs-in-selenium-python
12344783	5618539	https://stackoverflow.com/questions/58772390/how-to-fix-web-page-content-not-showing-when-using-phantomjs-in-selenium-python
12344783	104184	https://stackoverflow.com/questions/58772390/how-to-fix-web-page-content-not-showing-when-using-phantomjs-in-selenium-python
12344783	4531270	https://stackoverflow.com/questions/58772390/how-to-fix-web-page-content-not-showing-when-using-phantomjs-in-selenium-python
12344783	502519	https://stackoverflow.com/questions/58772390/how-to-fix-web-page-content-not-showing-when-using-phantomjs-in-selenium-python
12344783	541136	https://stackoverflow.com/questions/58772390/how-to-fix-web-page-content-not-showing-when-using-phantomjs-in-selenium-python
12344783	3993524	https://stackoverflow.com/questions/58772390/how-to-fix-web-page-content-not-showing-when-using-phantomjs-in-selenium-python
12344783	6934895	https://stackoverflow.com/questions/58772390/how-to-fix-web-page-content-not-showing-when-using-phantomjs-in-selenium-python
12344783	63347	https://stackoverflow.com/questions/58772390/how-to-fix-web-page-content-not-showing-when-using-phantomjs-in-selenium-python
12344783	3368498	https://stackoverflow.com/questions/58772390/how-to-fix-web-page-content-not-showing-when-using-phantomjs-in-selenium-python
12344783	1312904	https://stackoverflow.com/questions/58772390/how-to-fix-web-page-content-not-showing-when-using-phantomjs-in-selenium-python
10909217	9183344	https://stackoverflow.com/questions/58590281/why-is-this-tkinter-program-freezing
10909217	8493792	https://stackoverflow.com/questions/58590281/why-is-this-tkinter-program-freezing
10909217	9698684	https://stackoverflow.com/questions/58590281/why-is-this-tkinter-program-freezing
4798004	9271210	https://stackoverflow.com/questions/58772286/how-to-display-only-the-current-time
4798004	12059759	https://stackoverflow.com/questions/58772286/how-to-display-only-the-current-time
4798004	10337002	https://stackoverflow.com/questions/58772286/how-to-display-only-the-current-time
4798004	8017898	https://stackoverflow.com/questions/58772286/how-to-display-only-the-current-time
4798004	11517841	https://stackoverflow.com/questions/58772286/how-to-display-only-the-current-time
4798004	3043749	https://stackoverflow.com/questions/58772286/how-to-display-only-the-current-time
4798004	6330168	https://stackoverflow.com/questions/58772286/how-to-display-only-the-current-time
4798004	7711998	https://stackoverflow.com/questions/58772286/how-to-display-only-the-current-time
4798004	4984769	https://stackoverflow.com/questions/58772286/how-to-display-only-the-current-time
4798004	2711210	https://stackoverflow.com/questions/58772286/how-to-display-only-the-current-time
4798004	5012099	https://stackoverflow.com/questions/58772286/how-to-display-only-the-current-time
7396098	7348030	https://stackoverflow.com/questions/58772407/ubuntu-username-issue
2894020	7001933	https://stackoverflow.com/questions/58769156/sqlalchemy-mock-unifiedalchemymagicmock-suppress-add-commit
10551559	2482744	https://stackoverflow.com/questions/58770360/convert-json-into-csv
8822137	2712644	https://stackoverflow.com/questions/58771503/catching-warnings-from-numpy-and-scipy-with-try-except
8822137	579887	https://stackoverflow.com/questions/58771503/catching-warnings-from-numpy-and-scipy-with-try-except
8822137	1431380	https://stackoverflow.com/questions/58771503/catching-warnings-from-numpy-and-scipy-with-try-except
12131830	9675583	https://stackoverflow.com/questions/58699281/calculating-rolling-mean-of-temperature-anomalies-python
4602605	1055722	https://stackoverflow.com/questions/58772361/django-runserver-error-frozen-importlib-deadlockerror-deadlock-detected-by
4602605	331030	https://stackoverflow.com/questions/58772361/django-runserver-error-frozen-importlib-deadlockerror-deadlock-detected-by
4602605	112380	https://stackoverflow.com/questions/58772361/django-runserver-error-frozen-importlib-deadlockerror-deadlock-detected-by
4602605	832136	https://stackoverflow.com/questions/58772361/django-runserver-error-frozen-importlib-deadlockerror-deadlock-detected-by
4602605	17160	https://stackoverflow.com/questions/58772361/django-runserver-error-frozen-importlib-deadlockerror-deadlock-detected-by
4602605	1480205	https://stackoverflow.com/questions/58772361/django-runserver-error-frozen-importlib-deadlockerror-deadlock-detected-by
4602605	2990757	https://stackoverflow.com/questions/58772361/django-runserver-error-frozen-importlib-deadlockerror-deadlock-detected-by
4602605	2822774	https://stackoverflow.com/questions/58772361/django-runserver-error-frozen-importlib-deadlockerror-deadlock-detected-by
4602605	2757902	https://stackoverflow.com/questions/58772361/django-runserver-error-frozen-importlib-deadlockerror-deadlock-detected-by
4602605	3140578	https://stackoverflow.com/questions/58772361/django-runserver-error-frozen-importlib-deadlockerror-deadlock-detected-by
4602605	560935	https://stackoverflow.com/questions/58772361/django-runserver-error-frozen-importlib-deadlockerror-deadlock-detected-by
7163179	12339901	https://stackoverflow.com/questions/40995251/reading-an-json-file-from-s3-using-python-boto3
7163179	364696	https://stackoverflow.com/questions/40995251/reading-an-json-file-from-s3-using-python-boto3
7163179	9209546	https://stackoverflow.com/questions/40995251/reading-an-json-file-from-s3-using-python-boto3
11373841	2482744	https://stackoverflow.com/questions/58749115/add-projection-imported-asc-file
1874064	12288114	https://stackoverflow.com/questions/58772330/sqltable-object-has-no-attribute-insert-statement
8245469	2482744	https://stackoverflow.com/questions/58741216/psycopg2-with-python-3-7-and-3-8-missing-libssl-1-1-dylib
12316033	7389608	https://stackoverflow.com/questions/58771234/loop-over-dictionary-but-also-update-it-in-python
10860238	11933599	https://stackoverflow.com/questions/54045134/pyqt5-gui-cant-be-close-from-spyder
10860238	4427777	https://stackoverflow.com/questions/54045134/pyqt5-gui-cant-be-close-from-spyder
10860238	4533188	https://stackoverflow.com/questions/54045134/pyqt5-gui-cant-be-close-from-spyder
10860238	7377553	https://stackoverflow.com/questions/54045134/pyqt5-gui-cant-be-close-from-spyder
10860238	5249307	https://stackoverflow.com/questions/54045134/pyqt5-gui-cant-be-close-from-spyder
10860238	3051961	https://stackoverflow.com/questions/54045134/pyqt5-gui-cant-be-close-from-spyder
495656	4685471	https://stackoverflow.com/questions/58771477/jitter-almost-duplicate-rows-in-pandas-dataframe
3885769	7887257	https://stackoverflow.com/questions/58770227/how-to-iterate-a-list-and-join-specific-elements-in-python
8443985	11958250	https://stackoverflow.com/questions/48923151/importing-image-to-python-cannot-import-name-imread
11519044	2212230	https://stackoverflow.com/questions/58771853/randomized-quick-sort-implemented-correctly
11519044	2482744	https://stackoverflow.com/questions/58771853/randomized-quick-sort-implemented-correctly
12251537	6660373	https://stackoverflow.com/questions/58772255/convert-datetime-local-from-flask-into-seconds-to-create-a-delay-to-be-scheduled
12251537	2387835	https://stackoverflow.com/questions/58772255/convert-datetime-local-from-flask-into-seconds-to-create-a-delay-to-be-scheduled
12251537	10937550	https://stackoverflow.com/questions/58772255/convert-datetime-local-from-flask-into-seconds-to-create-a-delay-to-be-scheduled
12251537	20840	https://stackoverflow.com/questions/58772255/convert-datetime-local-from-flask-into-seconds-to-create-a-delay-to-be-scheduled
12251537	605436	https://stackoverflow.com/questions/58772255/convert-datetime-local-from-flask-into-seconds-to-create-a-delay-to-be-scheduled
12251537	4220424	https://stackoverflow.com/questions/58772255/convert-datetime-local-from-flask-into-seconds-to-create-a-delay-to-be-scheduled
12251537	2029648	https://stackoverflow.com/questions/58772255/convert-datetime-local-from-flask-into-seconds-to-create-a-delay-to-be-scheduled
12251537	1242139	https://stackoverflow.com/questions/58772255/convert-datetime-local-from-flask-into-seconds-to-create-a-delay-to-be-scheduled
12251537	4130524	https://stackoverflow.com/questions/58772255/convert-datetime-local-from-flask-into-seconds-to-create-a-delay-to-be-scheduled
12251537	1961612	https://stackoverflow.com/questions/58772255/convert-datetime-local-from-flask-into-seconds-to-create-a-delay-to-be-scheduled
12251537	1000188	https://stackoverflow.com/questions/58772255/convert-datetime-local-from-flask-into-seconds-to-create-a-delay-to-be-scheduled
12251537	4279	https://stackoverflow.com/questions/58772255/convert-datetime-local-from-flask-into-seconds-to-create-a-delay-to-be-scheduled
12251537	1941213	https://stackoverflow.com/questions/58772255/convert-datetime-local-from-flask-into-seconds-to-create-a-delay-to-be-scheduled
12251537	12320	https://stackoverflow.com/questions/58772255/convert-datetime-local-from-flask-into-seconds-to-create-a-delay-to-be-scheduled
12251537	893	https://stackoverflow.com/questions/58772255/convert-datetime-local-from-flask-into-seconds-to-create-a-delay-to-be-scheduled
12251537	8776	https://stackoverflow.com/questions/58772255/convert-datetime-local-from-flask-into-seconds-to-create-a-delay-to-be-scheduled
2554262	12121150	https://stackoverflow.com/questions/53087669/narx-implementation-using-keras
1610626	6501141	https://stackoverflow.com/questions/58772244/deap-primitivesettyped-custom-in-types-types
1610626	2146138	https://stackoverflow.com/questions/58772244/deap-primitivesettyped-custom-in-types-types
1610626	8185492	https://stackoverflow.com/questions/58772244/deap-primitivesettyped-custom-in-types-types
1610626	4081962	https://stackoverflow.com/questions/58772244/deap-primitivesettyped-custom-in-types-types
1610626	5054685	https://stackoverflow.com/questions/58772244/deap-primitivesettyped-custom-in-types-types
1610626	1267329	https://stackoverflow.com/questions/58772244/deap-primitivesettyped-custom-in-types-types
12252872	2482744	https://stackoverflow.com/questions/58772190/program-which-asks-for-two-numbers-one-decimal-floating-point-and-one-integer
733197	12150472	https://stackoverflow.com/questions/13206798/something-like-cron-timer-in-gevent
733197	2760299	https://stackoverflow.com/questions/13206798/something-like-cron-timer-in-gevent
11932905	953482	https://stackoverflow.com/questions/58770376/tensorflow-cosine-similarity-between-each-tensor-in-a-list
12343724	7326738	https://stackoverflow.com/questions/58770217/is-there-a-way-to-write-a-tab-as-a-character-without-raw-interpretation-or-how
12343724	8967612	https://stackoverflow.com/questions/58770217/is-there-a-way-to-write-a-tab-as-a-character-without-raw-interpretation-or-how
12343724	1863229	https://stackoverflow.com/questions/58770217/is-there-a-way-to-write-a-tab-as-a-character-without-raw-interpretation-or-how
2695448	10671203	https://stackoverflow.com/questions/51988142/elegant-slicing-in-python-list-based-on-index
10829743	9168173	https://stackoverflow.com/questions/54989538/im-facing-error-while-installing-pymrmr-any-suggestion
10829743	10311377	https://stackoverflow.com/questions/54989538/im-facing-error-while-installing-pymrmr-any-suggestion
12240644	8545455	https://stackoverflow.com/questions/58772053/finding-the-matching-strings-in-a-csv-against-a-list-of-string
12240644	5518510	https://stackoverflow.com/questions/58772053/finding-the-matching-strings-in-a-csv-against-a-list-of-string
3528955	12233973	https://stackoverflow.com/questions/55782674/how-should-i-write-the-loss-function-with-keras-and-tensorflow-for-negative-bi
7946034	3565744	https://stackoverflow.com/questions/43884189/check-if-a-large-matrix-is-diagonal-matrix-in-python
865004	11884237	https://stackoverflow.com/questions/52497625/how-to-calculate-negative-log-likelihoog-on-mnist-dataset
865004	4238408	https://stackoverflow.com/questions/52497625/how-to-calculate-negative-log-likelihoog-on-mnist-dataset
1052985	8895630	https://stackoverflow.com/questions/58771984/upgrade-sam-cli-in-cloud9
10732646	8477066	https://stackoverflow.com/questions/58772141/converting-dates-as-key-into-day-names
11958250	9744136	https://stackoverflow.com/questions/58720696/cant-disable-required-input-for-a-django-textfield
11958250	4395530	https://stackoverflow.com/questions/58720696/cant-disable-required-input-for-a-django-textfield
11958250	1241791	https://stackoverflow.com/questions/58720696/cant-disable-required-input-for-a-django-textfield
24953	1698431	https://stackoverflow.com/questions/168409/how-do-you-get-a-directory-listing-sorted-by-creation-date-in-python
24953	907575	https://stackoverflow.com/questions/168409/how-do-you-get-a-directory-listing-sorted-by-creation-date-in-python
24953	1569144	https://stackoverflow.com/questions/168409/how-do-you-get-a-directory-listing-sorted-by-creation-date-in-python
24953	3757	https://stackoverflow.com/questions/168409/how-do-you-get-a-directory-listing-sorted-by-creation-date-in-python
24953	49793	https://stackoverflow.com/questions/168409/how-do-you-get-a-directory-listing-sorted-by-creation-date-in-python
24953	38626	https://stackoverflow.com/questions/168409/how-do-you-get-a-directory-listing-sorted-by-creation-date-in-python
24953	475477	https://stackoverflow.com/questions/168409/how-do-you-get-a-directory-listing-sorted-by-creation-date-in-python
24953	1797327	https://stackoverflow.com/questions/168409/how-do-you-get-a-directory-listing-sorted-by-creation-date-in-python
12121150	83406	https://stackoverflow.com/questions/58772038/define-function-in-python-chunk-then-call-it-from-r-chunk
12121150	174728	https://stackoverflow.com/questions/58772038/define-function-in-python-chunk-then-call-it-from-r-chunk
12121150	3620003	https://stackoverflow.com/questions/58772038/define-function-in-python-chunk-then-call-it-from-r-chunk
12121150	6451573	https://stackoverflow.com/questions/58772038/define-function-in-python-chunk-then-call-it-from-r-chunk
12121150	1049677	https://stackoverflow.com/questions/58772038/define-function-in-python-chunk-then-call-it-from-r-chunk
12121150	2979916	https://stackoverflow.com/questions/58772038/define-function-in-python-chunk-then-call-it-from-r-chunk
12121150	95810	https://stackoverflow.com/questions/58772038/define-function-in-python-chunk-then-call-it-from-r-chunk
12121150	14028	https://stackoverflow.com/questions/58772038/define-function-in-python-chunk-then-call-it-from-r-chunk
12121150	20862	https://stackoverflow.com/questions/58772038/define-function-in-python-chunk-then-call-it-from-r-chunk
2146138	3019689	https://stackoverflow.com/questions/32407365/can-i-move-a-virtualenv
2146138	9183344	https://stackoverflow.com/questions/32407365/can-i-move-a-virtualenv
12150472	6640099	https://stackoverflow.com/questions/58770320/is-there-a-way-to-access-my-guesses-left-variable-from-the-timetoguess-class-for
12150472	2415028	https://stackoverflow.com/questions/58770320/is-there-a-way-to-access-my-guesses-left-variable-from-the-timetoguess-class-for
12150472	6591347	https://stackoverflow.com/questions/58770320/is-there-a-way-to-access-my-guesses-left-variable-from-the-timetoguess-class-for
12150472	4909087	https://stackoverflow.com/questions/58770320/is-there-a-way-to-access-my-guesses-left-variable-from-the-timetoguess-class-for
10133797	1133157	https://stackoverflow.com/questions/58740925/why-is-np-dot-imprecise-n-dim-arrays
10133797	10712335	https://stackoverflow.com/questions/58740925/why-is-np-dot-imprecise-n-dim-arrays
10133797	4836149	https://stackoverflow.com/questions/58740925/why-is-np-dot-imprecise-n-dim-arrays
10133797	4592059	https://stackoverflow.com/questions/58740925/why-is-np-dot-imprecise-n-dim-arrays
9168173	6610243	https://stackoverflow.com/questions/58763213/why-does-pythons-threadpoolexecutor-supress-all-exceptions-and-how-to-fix-this
9168173	3379288	https://stackoverflow.com/questions/58763213/why-does-pythons-threadpoolexecutor-supress-all-exceptions-and-how-to-fix-this
9168173	2875563	https://stackoverflow.com/questions/58763213/why-does-pythons-threadpoolexecutor-supress-all-exceptions-and-how-to-fix-this
9168173	975477	https://stackoverflow.com/questions/58763213/why-does-pythons-threadpoolexecutor-supress-all-exceptions-and-how-to-fix-this
11416368	3308055	https://stackoverflow.com/questions/58708399/how-can-i-print-the-route-list-elements-using-jinja2-templates
12344502	3832970	https://stackoverflow.com/questions/58771645/group-identical-consecutive-values-in-pandas-dataframe
12344502	1078199	https://stackoverflow.com/questions/58771645/group-identical-consecutive-values-in-pandas-dataframe
12344502	1231450	https://stackoverflow.com/questions/58771645/group-identical-consecutive-values-in-pandas-dataframe
12343308	11692739	https://stackoverflow.com/questions/58768513/add-dpi-to-seaborn-or-export-them-with-a-given-dpi
1241791	6672746	https://stackoverflow.com/questions/50925083/parse-multipart-request-string-in-python
1241791	12341260	https://stackoverflow.com/questions/50925083/parse-multipart-request-string-in-python
1241791	11308889	https://stackoverflow.com/questions/50925083/parse-multipart-request-string-in-python
1241791	4321788	https://stackoverflow.com/questions/50925083/parse-multipart-request-string-in-python
1241791	6244155	https://stackoverflow.com/questions/50925083/parse-multipart-request-string-in-python
1241791	8235224	https://stackoverflow.com/questions/50925083/parse-multipart-request-string-in-python
1241791	5917676	https://stackoverflow.com/questions/50925083/parse-multipart-request-string-in-python
1241791	7074913	https://stackoverflow.com/questions/50925083/parse-multipart-request-string-in-python
1241791	5355145	https://stackoverflow.com/questions/50925083/parse-multipart-request-string-in-python
1241791	4254056	https://stackoverflow.com/questions/50925083/parse-multipart-request-string-in-python
1241791	2421264	https://stackoverflow.com/questions/50925083/parse-multipart-request-string-in-python
1241791	7907569	https://stackoverflow.com/questions/50925083/parse-multipart-request-string-in-python
1241791	1852045	https://stackoverflow.com/questions/50925083/parse-multipart-request-string-in-python
1241791	7824754	https://stackoverflow.com/questions/50925083/parse-multipart-request-string-in-python
1241791	7677521	https://stackoverflow.com/questions/50925083/parse-multipart-request-string-in-python
1241791	6729212	https://stackoverflow.com/questions/50925083/parse-multipart-request-string-in-python
1241791	2201037	https://stackoverflow.com/questions/50925083/parse-multipart-request-string-in-python
1241791	6075053	https://stackoverflow.com/questions/50925083/parse-multipart-request-string-in-python
3433751	5671364	https://stackoverflow.com/questions/58771729/how-to-debug-a-python-function-app-using-a-virtual-envrionment
197473	4238408	https://stackoverflow.com/questions/2603956/can-we-have-assignment-in-a-condition
197473	9183344	https://stackoverflow.com/questions/2603956/can-we-have-assignment-in-a-condition
12131830	467366	https://stackoverflow.com/questions/58771646/looping-over-variable-and-plotting-it-with-random-color-and-id-on-a-map
12131830	982257	https://stackoverflow.com/questions/58771646/looping-over-variable-and-plotting-it-with-random-color-and-id-on-a-map
2840134	10189214	https://stackoverflow.com/questions/44864393/modify-a-list-while-iterating
2840134	11897007	https://stackoverflow.com/questions/44864393/modify-a-list-while-iterating
7512010	9750532	https://stackoverflow.com/questions/58771698/how-to-transform-a-tensor-to-an-array-of-values-between-0-and-255
7512010	7492545	https://stackoverflow.com/questions/58771698/how-to-transform-a-tensor-to-an-array-of-values-between-0-and-255
7512010	8140215	https://stackoverflow.com/questions/58771698/how-to-transform-a-tensor-to-an-array-of-values-between-0-and-255
7512010	3329664	https://stackoverflow.com/questions/58771698/how-to-transform-a-tensor-to-an-array-of-values-between-0-and-255
7512010	6231319	https://stackoverflow.com/questions/58771698/how-to-transform-a-tensor-to-an-array-of-values-between-0-and-255
7512010	3816024	https://stackoverflow.com/questions/58771698/how-to-transform-a-tensor-to-an-array-of-values-between-0-and-255
11249434	1667163	https://stackoverflow.com/questions/58768854/is-there-a-format-in-python-where-i-can-represent-any-arbitrary-range-that-i-can
11249434	355230	https://stackoverflow.com/questions/58768854/is-there-a-format-in-python-where-i-can-represent-any-arbitrary-range-that-i-can
11249434	208880	https://stackoverflow.com/questions/58768854/is-there-a-format-in-python-where-i-can-represent-any-arbitrary-range-that-i-can
11249434	1761366	https://stackoverflow.com/questions/58768854/is-there-a-format-in-python-where-i-can-represent-any-arbitrary-range-that-i-can
11249434	450517	https://stackoverflow.com/questions/58768854/is-there-a-format-in-python-where-i-can-represent-any-arbitrary-range-that-i-can
11249434	376728	https://stackoverflow.com/questions/58768854/is-there-a-format-in-python-where-i-can-represent-any-arbitrary-range-that-i-can
11249434	205270	https://stackoverflow.com/questions/58768854/is-there-a-format-in-python-where-i-can-represent-any-arbitrary-range-that-i-can
11249434	20862	https://stackoverflow.com/questions/58768854/is-there-a-format-in-python-where-i-can-represent-any-arbitrary-range-that-i-can
10712335	11019743	https://stackoverflow.com/questions/53503389/how-to-set-parameters-in-keras-to-be-non-trainable
10712335	11343720	https://stackoverflow.com/questions/53503389/how-to-set-parameters-in-keras-to-be-non-trainable
1461210	9459826	https://stackoverflow.com/questions/33809789/why-are-log2-and-log1p-so-much-faster-than-log-and-log10-in-numpy
1461210	10737300	https://stackoverflow.com/questions/33809789/why-are-log2-and-log1p-so-much-faster-than-log-and-log10-in-numpy
12329216	12339901	https://stackoverflow.com/questions/58771831/same-coordinates-printing-in-pd-dataframe-although-iterating-trough-rows-using
12329216	2212230	https://stackoverflow.com/questions/58771831/same-coordinates-printing-in-pd-dataframe-although-iterating-trough-rows-using
12329216	1126841	https://stackoverflow.com/questions/58771831/same-coordinates-printing-in-pd-dataframe-although-iterating-trough-rows-using
12329216	2460780	https://stackoverflow.com/questions/58771831/same-coordinates-printing-in-pd-dataframe-although-iterating-trough-rows-using
12344590	621690	https://stackoverflow.com/questions/58771388/how-to-update-tkinter-labels-that-are-stored-in-a-list-using-a-button
5193909	2233533	https://stackoverflow.com/questions/58771767/error-while-executing-a-command-pip-install-mysql-python
5193909	1094092	https://stackoverflow.com/questions/58771767/error-while-executing-a-command-pip-install-mysql-python
5193909	642070	https://stackoverflow.com/questions/58771767/error-while-executing-a-command-pip-install-mysql-python
7311252	8043393	https://stackoverflow.com/questions/58359351/how-to-output-the-number-of-restaurants-in-each-category-such-as-italian-japa
7516523	11301900	https://stackoverflow.com/questions/58771654/pytest-how-to-disable-stdout-capturing-for-only-particular-lines-of-test-code
7516523	8650021	https://stackoverflow.com/questions/58771654/pytest-how-to-disable-stdout-capturing-for-only-particular-lines-of-test-code
7516523	9477843	https://stackoverflow.com/questions/58771654/pytest-how-to-disable-stdout-capturing-for-only-particular-lines-of-test-code
4321788	4785185	https://stackoverflow.com/questions/28312534/graphvizs-executables-are-not-found-python-3-4
4321788	953482	https://stackoverflow.com/questions/28312534/graphvizs-executables-are-not-found-python-3-4
10833049	2800058	https://stackoverflow.com/questions/58771716/custom-choropleth-labels-in-geopandas
10833049	5372462	https://stackoverflow.com/questions/58771716/custom-choropleth-labels-in-geopandas
3849781	12344161	https://stackoverflow.com/questions/58770860/how-to-read-multiple-files-from-multiple-remote-servers-in-python
3849781	3249655	https://stackoverflow.com/questions/58770860/how-to-read-multiple-files-from-multiple-remote-servers-in-python
11483132	9619640	https://stackoverflow.com/questions/58771602/how-to-reshape-boolean-columns-from-wide-to-long-table
12339047	7024006	https://stackoverflow.com/questions/58753970/how-to-build-a-source-distribution-without-using-setup-py-file
2132478	8658257	https://stackoverflow.com/questions/58758499/filtering-time-localized-index-for-hours-interval-in-dataframe
2132478	12335146	https://stackoverflow.com/questions/58758499/filtering-time-localized-index-for-hours-interval-in-dataframe
4942661	2851685	https://stackoverflow.com/questions/36001482/read-doc-file-with-python
4942661	4238408	https://stackoverflow.com/questions/36001482/read-doc-file-with-python
458320	3282056	https://stackoverflow.com/questions/4162456/forward-declaration-of-classes
458320	4741735	https://stackoverflow.com/questions/4162456/forward-declaration-of-classes
458320	11886141	https://stackoverflow.com/questions/4162456/forward-declaration-of-classes
12034595	9401122	https://stackoverflow.com/questions/58756658/how-to-use-localstorage-to-save-a-chat-conversation
